<?xml version="1.0" encoding="UTF-8"?><metadata xmlns:xsi="http://www.w3.org/2001/XMLSchema-instance" xsi:noNamespaceSchemaLocation="http://www.conabio.gob.mx/informacion/gis/schemas/fgdc/fgdc-std-001-1998.xsd"><idinfo><citation><citeinfo><origin>INEGI, (00/12/2022). &apos;&#x00C1;reas geoestad&#x00ED;sticas estatales, 2022&apos;, escala: 1:250000. Instituto Nacional de Estad&#x00ED;stica y Geograf&#x00ED;a. M&#x00E9;xico. </origin><pubdate>20230105</pubdate><title>Divisi&#x00F3;n pol&#x00ED;tica estatal 1:250000. 2022</title><geoform>Shapefile. Formato vectorial compuesto por 4 archivos (shp, shx, dbf,prj)</geoform><othercit>250000</othercit><onlink>http://geoportal.conabio.gob.mx/metadatos/doc/html/dest22gw.html</onlink></citeinfo></citation><descript><abstract>El Marco Geoestad&#x00ED;stico Integrado (MGI) es un sistema que incluye informaci&#x00F3;n vectorial, tablas de atributos y cat&#x00E1;logos. Est&#x00E1; formado por un continuo nacional tanto en cat&#x00E1;logos como los archivos shp. Se excluyeron de &#x00E9;l las siguientes capas: manzanas, frentes de manzana, vialidades, pol&#x00ED;gonos externos de localidad, pol&#x00ED;gonos externos de manzana y los tres tipos de servicios: de punto, de l&#x00ED;nea y de &#x00E1;rea. Esto se hizo para que el archivo tuviera un tama&#x00F1;o adecuado y facilitar su manejo. Esta versi&#x00F3;n integrada se elabor&#x00F3; adem&#x00E1;s por razones de continuidad en las publicaciones del producto. Representa al territorio nacional en niveles de desagregaci&#x00F3;n, denominados &#x00E1;reas geoestad&#x00ED;sticas. &#x00C9;stas, a su vez, est&#x00E1;n definidas por los llamados l&#x00ED;mites geoestad&#x00ED;sticos, que se establecen con base en la normatividad espec&#x00ED;fica del MG. De conformidad con los principios con los que fueron generados, coinciden en la medida de lo posible con los l&#x00ED;mites pol&#x00ED;tico-administrativos, pero para la conformaci&#x00F3;n de &#x00E1;reas geoestad&#x00ED;sticas se da prioridad a la conformaci&#x00F3;n de pol&#x00ED;gonos bien definidos, con l&#x00ED;mites claramente identificables y cuidando la continuidad espacial, aspectos que no siempre se cumplen en la delimitaci&#x00F3;n pol&#x00ED;tico-administrativa del pa&#x00ED;s, por lo que el MGI ha establecido soluciones necesarias para que las &#x00E1;reas geoestad&#x00ED;sticas tengan la congruencia necesaria. La cartograf&#x00ED;a del Marco Geoestad&#x00ED;stico Integrado contiene representaciones territoriales y delimitaciones para apoyar o soportar la instrumentaci&#x00F3;n de programas de informaci&#x00F3;n y en general la producci&#x00F3;n de informaci&#x00F3;n estad&#x00ED;stica y geogr&#x00E1;fica. En ning&#x00FA;n caso representan el establecimiento o definici&#x00F3;n oficial de l&#x00ED;mites pol&#x00ED;tico-administrativos. Por tales razones, y porque el INEGI no tiene facultades en la materia, este producto no habla de estados y municipios, sino de &#x00E1;reas geoestad&#x00ED;sticas estatales y &#x00E1;reas geoestad&#x00ED;sticas municipales. Todos los datos derivados de la conformaci&#x00F3;n geom&#x00E9;trica de &#x00E9;stas (per&#x00ED;metro, superficie, densidad de poblaci&#x00F3;n y otros) no deben ser considerados oficiales ni de alta exactitud. El producto se actualiza anualmente de manera regular, y en los a&#x00F1;os en que se realicen censos o encuestas del INEGI, la versi&#x00F3;n del MGI corresponder&#x00E1; al evento censal o encuesta que corresponda a dicho a&#x00F1;o. Los elementos que se actualizan son localidades (clave y nombre), conformaci&#x00F3;n de AGEB urbanas y rurales, l&#x00ED;mites de las AGEM y/o AGEE (cuando se efect&#x00FA;an modificaciones a los l&#x00ED;mites pol&#x00ED;tico-administrativos) y los cat&#x00E1;logos correspondientes. Es importante aclarar que, cuando hay un evento censal, la actualizaci&#x00F3;n de los elementos del MGI se obtiene mediante recorridos completos de las unidades de observaci&#x00F3;n por captar en campo (viviendas, establecimientos econ&#x00F3;micos y unidades de producci&#x00F3;n); mientras que cuando es una actualizaci&#x00F3;n regular, &#x00E9;sta se enfoca en aquellas &#x00E1;reas del pa&#x00ED;s que tienen una din&#x00E1;mica sobresaliente en cuanto a crecimiento demogr&#x00E1;fico o cambios en el uso del suelo. Asimismo, los procesos para representar y actualizar en la cartograf&#x00ED;a del Marco Geoestad&#x00ED;stico Integrado los elementos del territorio (como localidades puntuales, por ejemplo) tambi&#x00E9;n se realizan con criterios basados en el prop&#x00F3;sito del producto y se da preferencia a cuidar la inclusi&#x00F3;n de la totalidad de elementos y su correcta identificaci&#x00F3;n. Adem&#x00E1;s, se emplean diferentes insumos, como levantamientos aproximados en campo e im&#x00E1;genes con resoluciones y exactitud m&#x00E9;trica variables. Por todo lo anterior, no debe esperarse para el MGI una calidad geom&#x00E9;trica (posici&#x00F3;n y dimensiones de los objetos) semejante a la de otros productos del INEGI -ortoim&#x00E1;genes y ortofotos digitales- cuyo proceso s&#x00ED; fue dise&#x00F1;ado para obtener altos niveles de exactitud. Todos los datos derivados de la conformaci&#x00F3;n geom&#x00E9;trica de &#x00E9;stas (dimensiones, coordenadas de posici&#x00F3;n u otros) tampoco deben ser considerados oficiales ni de alta exactitud. El MGI contiene adem&#x00E1;s la cobertura de todas las localidades del territorio nacional, de manera que a cada una de las viviendas le corresponde una secuencia de claves de identificaci&#x00F3;n geogr&#x00E1;fica que est&#x00E1; dada por los sucesivos niveles de desagregaci&#x00F3;n en los que se divide el territorio nacional. Los niveles de desagregaci&#x00F3;n del MGI son los siguientes: &#x00C1;REA GEOESTADISTICA ESTATAL: corresponde a las entidades federativas y poseen una clave de dos d&#x00ED;gitos de 01 a 32. Sus demarcaciones son los l&#x00ED;mites geoestad&#x00ED;sticos estatales. &#x00C1;REA GEOESTADISTICA MUNICIPAL: corresponde a los municipios de cada entidad federativa; y en el caso de la Ciudad de M&#x00E9;xico, a sus demarcaciones territoriales. Sus contornos son los l&#x00ED;mites geoestad&#x00ED;sticos municipales. Poseen una clave de tres d&#x00ED;gitos que se inicia desde 001 por cada entidad. &#x00C1;REA GEOESTAD&#x00CD;STICA B&#x00C1;SICA (AGEB): unidad territorial creada espec&#x00ED;ficamente como base para el control de los operativos de levantamiento de informaci&#x00F3;n en campo. Existen dos tipos de &#x00E1;reas geoestad&#x00ED;sticas b&#x00E1;sicas: urbanas y rurales. A partir de este nivel el MGI se divide, puesto que la secuencia de desagregaci&#x00F3;n es distinta para cada tipo de AGEB. A continuaci&#x00F3;n se detallan ambas secuencias. AGEB URBANAS: Est&#x00E1;n contenidas dentro de una localidad urbana. Por ello, luego del estado y el municipio sus niveles son los siguientes: NIVEL LOCALIDAD URBANA: tiene una clave &#x00FA;nica de 4 d&#x00ED;gitos que se inicia desde 0001 por municipio. Se consideran localidades urbanas aqu&#x00E9;llas con 2,500 habitantes o m&#x00E1;s -seg&#x00FA;n el m&#x00E1;s reciente recuento nacional de poblaci&#x00F3;n- o que sean cabeceras municipales, independientemente de su poblaci&#x00F3;n. Tambi&#x00E9;n son urbanas aqu&#x00E9;llas localidades que -independientemente de su n&#x00FA;mero de habitantes- tengan las siguientes caracter&#x00ED;sticas: a) fueron clasificadas como urbanas en censos anteriores; b) sean el crecimiento de una localidad urbana, presentando continuidad urban&#x00ED;stica con ella, rebasen la representaci&#x00F3;n territorial de la AGEE y/o AGEM y se sustente la independencia de sus espacios; c) dejaron de ser cabeceras municipales. NIVEL AGEB URBANA: posee clave &#x00FA;nica de cuatro caracteres que se inicia desde 0010 por cada municipio. AGEB RURALES: &#x00C9;stas contienen grupos de localidades rurales amanzanadas y puntuales (aqu&#x00E9;llas sin amanzanamiento definido y que son representadas como puntos en la cartograf&#x00ED;a). Por ello, luego del estado y el municipio, sus niveles son los siguientes: NIVEL AGEB RURAL: posee una clave &#x00FA;nica de cuatro caracteres que se inicia desde 0010 por cada municipio. El AGEB rural est&#x00E1; conformado por localidades rurales, que son aqu&#x00E9;llas que tienen menos de 2,500 habitantes (conforme al m&#x00E1;s reciente recuento nacional de poblaci&#x00F3;n) y que adem&#x00E1;s no son cabecera municipal. Tambi&#x00E9;n se consideran rurales aquellas localidades que, aun con 2,500 habitantes o m&#x00E1;s, tienen las siguientes caracter&#x00ED;sticas: a) edificaciones dispersas y sin contig&#x00FC;idad que permita un amanzanamiento; b) edificaciones que son centros de readaptaci&#x00F3;n o rehabilitaci&#x00F3;n, campamentos agr&#x00ED;colas, seminarios, internados, etc.</abstract><purpose>Proporcionar a las &#x00E1;reas del INEGI responsables de los censos y encuestas institucionales el insumo para la planeaci&#x00F3;n, levantamiento, control de cobertura, organizaci&#x00F3;n y publicaci&#x00F3;n de resultados, mediante un sistema geogr&#x00E1;fico y tabular que organice el territorio nacional en diferentes niveles de desagregaci&#x00F3;n geogr&#x00E1;fica. Asimismo, puede ser tambi&#x00E9;n un apoyo para georreferenciar otras clases de informaci&#x00F3;n por parte de Unidades del Estado, atendiendo siempre a sus niveles de confiabilidad, expuestos en los presentes metadatos</purpose><supplinf> Referencias en la web: https://www.inegi.org.mx/app/biblioteca/ficha.html?upc=889463770541</supplinf></descript><timeperd><timeinfo><sngdate><caldate>00000000</caldate></sngdate></timeinfo><current>Diciembre 2022</current></timeperd><status><progress>Complete</progress><update>No planeado</update></status><spdom><bounding><westbc>-118.365263217771</westbc><eastbc>-86.7107429002553</eastbc><northbc>32.7186260031299</northbc><southbc>14.5350742412545</southbc></bounding></spdom><keywords><theme><themekt>CNB.ACCESO</themekt><themekey>publico</themekey></theme><theme><themekt>CNB.LICENCIA</themekt><themekey>CC_BY_NC_2.5_MX</themekey></theme><theme><themekt>CNB.VISIBILIDAD</themekt><themekey>0</themekey><themekey>10</themekey></theme><theme><themekt>ESTRUCTURA</themekt><themekey>dipol</themekey><themekey>estata</themekey><themekey>dest22gw</themekey></theme><theme><themekt>CNB.ESCALA</themekt><themekey>250000</themekey></theme><theme><themekt>CONABIO</themekt><themekey>2022</themekey><themekey>Divisi&#x00F3;n polit&#x00ED;ca</themekey><themekey>Estatal</themekey><themekey>Marco Geoestad&#x00ED;stico</themekey></theme><place><placekt>CONABIO</placekt><placekey>Rep&#x00FA;blica Mexicana</placekey></place></keywords><accconst>Sin restricciones</accconst><useconst>No se permite utilizar estos datos con fines lucrativos y se debe citar la fuente del mapa y a CONABIO. Ver la licencia completa en http://creativecommons.org/licenses/by-nc/2.5/mx/</useconst><browse><browsen>http://www.conabio.gob.mx/informacion/gis/layouts/dest22gw.png</browsen><browsed>Mapa ilustrativo de Divisi&#x00F3;n pol&#x00ED;tica estatal 1:250000. 2022. La proyecci&#x00F3;n citada, es exclusiva para el dise&#x00F1;o de esta imagen.</browsed><browset>png</browset></browse><native>ArcGis 10.8.1, Windows</native></idinfo><dataqual><logic>Campo y Gabinete</logic><complete>La versi&#x00F3;n del Marco Geoestad&#x00ED;stico Integrado (MGI) a la que se refieren estos metadatos es el resultado de la compilaci&#x00F3;n e integraci&#x00F3;n de actualizaciones cartogr&#x00E1;ficas derivadas de dos fuentes generales. Por un lado, las que se detectan durante los recorridos de actualizaci&#x00F3;n para el MGI, Marco Nacional de Viviendas, adecuaci&#x00F3;n de l&#x00ED;mites pol&#x00ED;tico-administrativos sustentados por una evidencia legal, cartas topogr&#x00E1;ficas y otros. Por otro lado, est&#x00E1; la informaci&#x00F3;n que proporcionan las Unidades de Estado y los cambios derivados de la creaci&#x00F3;n de municipios o modificaci&#x00F3;n de l&#x00ED;mites pol&#x00ED;tico-administrativos, que son dados a conocer en decretos oficiales emitidos por instancias locales o federales. 
El MGI es un producto estrechamente vinculado con las zonas habitadas, por lo que es afectado por diversos procesos sociales que no son iguales en los diferentes espacios geogr&#x00E1;ficos. Por ello, con base en la experiencia de varios a&#x00F1;os, se han dise&#x00F1;ado procesos de producci&#x00F3;n espec&#x00ED;ficos para estos distintos &#x00E1;mbitos, que, si bien guardan muchas semejanzas en t&#x00E9;rminos generales, tienen diferencias que son de relevancia para el objetivo de los presentes metadatos. Asimismo, el producto contiene representaciones de los elementos del terreno y delimitaciones que definen las &#x00E1;reas geoestad&#x00ED;sticas de diferentes tipos, (explicadas en 1.3). Tales delimitaciones corresponden a los l&#x00ED;mites geoestad&#x00ED;sticos que tambi&#x00E9;n pueden ser afectados por los procesos sociales vinculados con las localidades. Para este tipo de informaci&#x00F3;n espacial tambi&#x00E9;n fue necesario desarrollar un proceso de producci&#x00F3;n y validaci&#x00F3;n.
Por lo anterior, en el apartado 6.3.2.1 se explican por separado los procesos para la actualizaci&#x00F3;n del producto en dos &#x00E1;mbitos: 1) localidades urbanas y localidades rurales con amanzanamiento; 2) rural 
El &#x00E1;mbito tiene como elementos los objeto espaciales L&#x00CD;MITE y la LOCALIDAD RURAL PUNTUAL. Para una explicaci&#x00F3;n de estos conceptos y de la informaci&#x00F3;n relacionada con ellos que tambi&#x00E9;n proporciona el MGI, v&#x00E9;ase apartado 1.3.
En el apartado 6.3.2.1, de cada &#x00E1;mbito se incluyen los pasos del proceso, informaci&#x00F3;n b&#x00E1;sica sobre la tecnolog&#x00ED;a empleada en ellos y los controles de calidad relevantes que se aplican en determinados momentos durante el proceso. Tambi&#x00E9;n separada por los dos &#x00E1;mbitos est&#x00E1; la informaci&#x00F3;n para el apartado 6.3.3.1 Fuente. 
Por otro lado, es importante se&#x00F1;alar que para los procesos se emplea un SIG, al cual se le a&#x00F1;adieron complementos (funciones) que la Direcci&#x00F3;n General de Geograf&#x00ED;a y Medio Ambiente desarroll&#x00F3; espec&#x00ED;ficamente para las necesidades del proceso de elaboraci&#x00F3;n del Marco Geoestad&#x00ED;stico Integrado.</complete><lineage><srcinfo><srccite><citeinfo><origin>No conocido</origin><pubdate>00000000</pubdate><title>No conocido</title><geoform>No conocido</geoform></citeinfo></srccite><srcscale>250000</srcscale><typesrc>Digital</typesrc><srctime><timeinfo><sngdate><caldate>00000000</caldate></sngdate></timeinfo><srccurr>No conocido</srccurr></srctime><srccitea>No conocido</srccitea><srccontr>INEGI, (2020), &apos;MARCO GEOESTAD&#x00CD;STICO, CENSO DE POBLACI&#x00D3;N Y VIVIENDA 2021.&apos;, Escala 1:250000. Instituto Nacional de Estad&#x00ED;stica y Geograf&#x00ED;a,  Los casos de movimientos de l&#x00ED;mites pol&#x00ED;tico-administrativos: decretos federales emitidos por el Congreso de la Uni&#x00F3;n con reconocimiento (Federal), decretos estatales emitidos por los Congresos Estatales, con reconocimiento (Estatal), en los que se registran las demarcaciones de los l&#x00ED;mites. Per&#x00ED;odo de los documentos: noviembre 2020 - septiembre 2021., </srccontr></srcinfo><srcinfo><srccite><citeinfo><origin>No conocido</origin><pubdate>00000000</pubdate><title>No conocido</title><geoform>No conocido</geoform></citeinfo></srccite><srcscale>9999999</srcscale><typesrc>Imagen de Sat&#x00E9;lite</typesrc><srctime><timeinfo><sngdate><caldate>00000000</caldate></sngdate></timeinfo><srccurr>No conocido</srccurr></srctime><srccitea>No conocido</srccitea><srccontr>Digital Globe, &apos;Im&#x00E1;genes satelitales en color o escala de grises, con resoluci&#x00F3;n de 50 cm.&apos;, </srccontr></srcinfo><procstep><procdesc>1. RECEPCI&#x00D3;N Y AN&#x00C1;LISIS DE LA INFORMACI&#x00D3;N: Respecto a las altas o cambios de localidades urbanas y rurales amanzanadas, se recibe informaci&#x00F3;n de actualizaciones de diferentes proyectos como los siguientes: actualizaci&#x00F3;n permanente del Marco Geoestad&#x00ED;stico, Cartograf&#x00ED;a Participativa, Marco Nacional de Viviendas, Registro &#x00DA;nico de Vivienda y solicitudes provenientes de distintas unidades de Estado. De todo ello se hizo una revisi&#x00F3;n sistem&#x00E1;tica de los nuevos amanzanamientos y cambios en los otros elementos del Marco Geoestad&#x00ED;stico. La informaci&#x00F3;n es analizada y depurada para verificar que cumplan con los criterios de actualizaci&#x00F3;n cartogr&#x00E1;fica que establece el diccionario de datos del Marco Geoestad&#x00ED;stico. El an&#x00E1;lisis fue a nivel localidad, revisando cada caso para dictaminar si un determinado asentamiento cumpl&#x00ED;a con los criterios para ser considerado como localidad urbana con clave propia. Algunos de los aspectos que se verificaron fueron la ubicaci&#x00F3;n espacial de cada elemento -a base de imagen de sat&#x00E9;lite-, que las solicitudes de estado estuvieran sustentadas y publicadas en el Diario Oficial de la Federaci&#x00F3;n y que los nuevos asentamientos estuvieran bien configurados para ser considerados susceptibles de digitalizaci&#x00F3;n y/o actualizaci&#x00F3;n. 2. VERIFICACI&#x00D3;N EN CAMPO: En cada entidad federativa se realiz&#x00F3; una planeaci&#x00F3;n y recorrido para verificar directamente en el terreno los casos de localidades nuevas o con actualizaci&#x00F3;n, de los cuales se recibi&#x00F3; reporte por alguna de las fuentes se&#x00F1;aladas en paso anterior. El tratamiento en campo de esta informaci&#x00F3;n implic&#x00F3;, adem&#x00E1;s del registro de la informaci&#x00F3;n geogr&#x00E1;fica correspondiente, la asignaci&#x00F3;n de claves provisionales de localidad que posteriormente ser&#x00E1;n agregadas a la base cartogr&#x00E1;fica por medio del Sistema de Informaci&#x00F3;n Geogr&#x00E1;fica del Marco Geoestad&#x00ED;stico (SIGMA). Estas claves eran provisionales en ese momento porque posteriormente cada caso ser&#x00ED;a analizado y dictaminado con base en la normatividad establecida, y s&#x00F3;lo en los casos que se declararan procedentes se asignar&#x00ED;a una clave definitiva (ver paso siguiente). 3. ASIGNACI&#x00D3;N DE CLAVES Y TIPIFICACI&#x00D3;N: concluido el proceso de verificaci&#x00F3;n en campo se procedi&#x00F3; a agregar las localidades con modificaciones al Sistema de Actualizaci&#x00F3;n Permanente de Cat&#x00E1;logos, asignando su clave geoestad&#x00ED;stica correspondiente. Esto es indispensable antes de agregar el resto de los elementos del Marco Geoestad&#x00ED;stico. En el SIGMA se cargaba la capa vectorial de la base cartogr&#x00E1;fica correspondiente al corte anterior. &#x00C9;sta se iban agregando a la base cartogr&#x00E1;fica asign&#x00E1;ndoles clave geoestad&#x00ED;stica definitiva y su respectivo c&#x00F3;digo de actualizaci&#x00F3;n. Todo esto se hizo con base en los lineamientos establecidos para el Marco Geoestad&#x00ED;stico. Concluida la integraci&#x00F3;n de todas las actualizaciones, por sistema se gener&#x00F3; la tabla de equivalencia en la que se registran los movimientos derivados de la actualizaci&#x00F3;n cartogr&#x00E1;fica de localidad, AGEB (la tabla muestra los registros antes y despu&#x00E9;s de la actualizaci&#x00F3;n). Con ello se realiz&#x00F3; un corte de informaci&#x00F3;n para actualizar el cat&#x00E1;logo de AGEB y el Cat&#x00E1;logo &#x00DA;nico de Claves de &#x00C1;reas Geoestad&#x00ED;sticas Estatales, Municipales y Localidades (CIGEL).  Todo lo anterior se hace con base en una normatividad espec&#x00ED;fica para cada tipo de elemento. 4. EDICI&#x00D3;N: consisti&#x00F3; en incorporar y luego validar las actualizaciones reportadas por el operativo de campo y las que proven&#x00ED;an de otras fuentes. Por ello, la base de trabajo fue el archivo vectorial m&#x00E1;s reciente al momento de iniciar la edici&#x00F3;n. A este archivo base se le agregaron las capas de las actualizaciones (AGEB, vialidades, servicios, etc.), se editaron dichos cambios y se verific&#x00F3; que todos hubieran sido incorporados. Esta actividad se realiz&#x00F3; a nivel municipal en cada uno de los archivos vectoriales. Despu&#x00E9;s se procedi&#x00F3; a la validaci&#x00F3;n topol&#x00F3;gica, que consisti&#x00F3; en verificar las relaciones de todos los elementos geom&#x00E9;tricos para detectar aqu&#x00E9;llos topol&#x00F3;gicamente incorrectos. Tambi&#x00E9;n se hicieron verificaciones de completitud de elementos y de su calidad geom&#x00E9;trica. Se verific&#x00F3; la integraci&#x00F3;n territorial; esto es, que todos los elementos del archivo vectorial estuvieran dentro del municipio y estado que les corresponde. En esta &#x00FA;ltima revisi&#x00F3;n se tomaron en cuenta las excepciones que existen en el territorio nacional. Todo lo anterior se realiz&#x00F3;, en esta etapa, en las coordinaciones estatales y regionales del INEGI. Si bien se trabaj&#x00F3; por municipio cada uno de los archivos vectoriales, para el env&#x00ED;o se integraron todos para obtener un archivo por estado. Cuando la informaci&#x00F3;n estaba lista se enviaba al &#x00E1;rea correspondiente para que se realizara la integraci&#x00F3;n nacional. 5. INTEGRACI&#x00D3;N: los archivos concluidos en nivel estatal y regional se integraron para un control de calidad a nivel nacional. El archivo vectorial deb&#x00ED;a cumplir las reglas topol&#x00F3;gicas establecidas, la georreferenciaci&#x00F3;n espacial deb&#x00ED;a ser correcta en relaci&#x00F3;n con las im&#x00E1;genes m&#x00E1;s recientes de ese momento y no deb&#x00ED;a haber traslapes ni huecos entre los pol&#x00ED;gonos, existiendo una tolerancia permitida de 1 m. Tambi&#x00E9;n se revis&#x00F3; que hubiera congruencia entre la informaci&#x00F3;n vectorial y la tabular, empleando los cat&#x00E1;logos actualizados, las tablas de equivalencia de actualizaci&#x00F3;n cartogr&#x00E1;fica y el CIGEL (Cat&#x00E1;logo &#x00DA;nico de Claves de &#x00C1;reas Geoestad&#x00ED;sticas Estatales, Municipales y Localidades (ver detalles en CONTROL DE CALIDAD). Concluidas estas pruebas, la informaci&#x00F3;n se integr&#x00F3; en formato shape por entidad federativa como conjunto de datos, junto con sus metadatos y documentaci&#x00F3;n asociada, como cat&#x00E1;logos de entidades, municipios, localidades urbanas y rurales amanzanadas. 6. CREACI&#x00D3;N DE LA VERSI&#x00D3;N INTEGRADA DEL MG: todos los pasos previos -incluidos sus controles de calidad- permitieron obtener una versi&#x00F3;n del Marco Geoestad&#x00ED;stico por entidad federativa, con sus archivos shp y cat&#x00E1;logos. Como &#x00FA;ltimo paso los archivos shp por entidad y los cat&#x00E1;logos fueron unidos para crear un continuo nacional. En dicho proceso de integraci&#x00F3;n se eliminaron las siguientes capas: manzanas, frentes de manzana, vialidades, pol&#x00ED;gonos externos de localidad, pol&#x00ED;gonos externos de manzana y los tres tipos de servicios: de punto, l&#x00ED;nea y &#x00E1;rea. TECNOLOG&#x00CD;A EMPLEADA SOFTWARE: Sistema de Informaci&#x00F3;n Geogr&#x00E1;fica con herramientas propias elaboradas para la edici&#x00F3;n y validaci&#x00F3;n de la cartograf&#x00ED;a del Marco Geoestad&#x00ED;stico en Python, Arc Gis 10.8.1 HARDWARE: Computadora Personal con Procesador Intel CORE a 3.6 ghz, Windows 8.1</procdesc><procdate>00000000</procdate></procstep></lineage></dataqual><spdoinfo><direct>Vector</direct><ptvctinf><sdtsterm ><sdtstype>G-polygon</sdtstype><ptvctcnt>32</ptvctcnt></sdtsterm></ptvctinf></spdoinfo><spref><horizsys><geograph><latres>0.0174532925199433</latres><longres>0.0174532925199433</longres><geogunit>Decimal degrees</geogunit></geograph><geodetic><horizdn>WGS84</horizdn><ellips>WGS84</ellips><semiaxis>6378137.000000</semiaxis><denflat>298.257224</denflat></geodetic></horizsys></spref><eainfo><detailed><enttyp><enttypl>DEST22GW.DBF</enttypl><enttypd>Atributos de la Divisi&#x00F3;n pol&#x00ED;tica estatal de la rep&#x00FA;blica mexicana</enttypd><enttypds>No conocido</enttypds></enttyp><attr><attrlabl>AREA</attrlabl><attrdef>Num&#x00E9;rico</attrdef><attrdefs>Generado por el software</attrdefs><attrdomv><udom>Indica el &#x00E1;rea que tiene cada pol&#x00ED;gono</udom></attrdomv></attr><attr><attrlabl>CVE_CAP</attrlabl><attrdef>Car&#x00E1;cter</attrdef><attrdefs>INEGI</attrdefs><attrdomv><udom>Clave oficial de la capital de la entidad federativa.</udom></attrdomv></attr><attr><attrlabl>CVEGEO</attrlabl><attrdef>Car&#x00E1;cter</attrdef><attrdefs>INEGI</attrdefs><attrdomv><udom>CLAVE oficial de la entidad federativa.</udom></attrdomv></attr><attr><attrlabl>NOM_CAP</attrlabl><attrdef>Car&#x00E1;cter</attrdef><attrdefs>INEGI</attrdefs><attrdomv><udom>Nombre oficial de la capital de la entidad federativa.</udom></attrdomv></attr><attr><attrlabl>NOMGEO</attrlabl><attrdef>Car&#x00E1;cter</attrdef><attrdefs>INEGI</attrdefs><attrdomv><udom>Nombre oficial de la entidad federativa.</udom></attrdomv></attr><attr><attrlabl>PERIMETER</attrlabl><attrdef>Num&#x00E9;rico</attrdef><attrdefs>Generado por el software</attrdefs><attrdomv><udom>Indica el per&#x00ED;metro que tiene cada pol&#x00ED;gono</udom></attrdomv></attr></detailed></eainfo><distinfo><distrib><cntinfo><cntorgp><cntorg>Comisi&#x00F3;n Nacional para el Conocimiento y Uso de la Biodiversidad (CONABIO)</cntorg><cntper>Subcoordinaci&#x00F3;n de Sistemas de Informaci&#x00F3;n Geogr&#x00E1;fica</cntper></cntorgp><cntpos>Subcoordinador de Sistemas de Informaci&#x00F3;n Geogr&#x00E1;fica</cntpos><cntaddr><addrtype>mailing and physical address</addrtype><address>Liga Perif&#x00E9;rico Insurgentes Sur Num. 4903 1er piso. Col. Parques del Pedregal. Delg. Tlalpan</address><city>Ciudad de M&#x00E9;xico</city><state>Ciudad de M&#x00E9;xico</state><postal>14010</postal><country>M&#x00E9;xico</country></cntaddr><cntvoice>50045012</cntvoice><cntfax>50044931</cntfax><cntemail>ssig@conabio.gob.mx</cntemail><hours>Lunes a Viernes de 8 a 18 hrs.</hours></cntinfo></distrib><resdesc>dest22gw</resdesc><distliab>La Subcoordinaci&#x00F3;n de Sistemas de Informaci&#x00F3;n Geogr&#x00E1;fica de la CONABIO solo se hace responsable de la informaci&#x00F3;n presentada en el mapa y se deslinda del uso que se le de a la misma.</distliab><stdorder><digform><digtinfo><formname>ESRI Shapefile (SHP)</formname><formverd>199807</formverd><filedec>compactado en ZIP</filedec><transize>15.1</transize></digtinfo><digtopt><onlinopt><computer><networka><networkr> http://www.conabio.gob.mx/informacion/gis/maps/geo/dest22gw.zip</networkr></networka></computer><accinstr>Coordenadas geogr&#x00E1;ficas WGS84. (EPSG:4326). Formato vectorial de almacenamiento de elementos geogr&#x00E1;ficos y sus atributos asociados. </accinstr></onlinopt><onlinopt><computer><networka><networkr> http://www.conabio.gob.mx/informacion/gis/maps/ccl/dest22gw_c.zip</networkr></networka></computer><accinstr>Proyecci&#x00F3;n M&#x00E9;xico ITRF2008_LCC (EPSG:6372). Formato vectorial de almacenamiento de elementos geogr&#x00E1;ficos y sus atributos asociados. </accinstr></onlinopt></digtopt></digform><digform><digtinfo><formname>Google Earth (KML)</formname><formvern>2.2</formvern><filedec>compactado como KMZ</filedec></digtinfo><digtopt><onlinopt><computer><networka><networkr> http://www.conabio.gob.mx/informacion/gis/maps/kmz/dest22gw.kmz</networkr></networka></computer><accinstr>Coordenadas geogr&#x00E1;ficas WGS84. (EPSG:4326). Los archivos KML representan datos geogr&#x00E1;ficos para Google Earth, a menudo suelen distribuirse comprimidos como KMZ.</accinstr></onlinopt></digtopt></digform><digform><digtinfo><formname>CNB.GEO.TMS</formname><formvern>1.0.0</formvern><formspec>PNG</formspec></digtinfo><digtopt><onlinopt><computer><networka><networkr>http://wms0.conabio.gob.mx/dest22gw.py/</networkr><networkr>http://wms1.conabio.gob.mx/dest22gw.py/</networkr><networkr>http://wms2.conabio.gob.mx/dest22gw.py/</networkr></networka></computer></onlinopt></digtopt></digform><digform><digtinfo><formname>Servicio de im&#x00E1;genes (WMS)</formname><formvern>1.1.1</formvern></digtinfo><digtopt><onlinopt><computer><networka><networkr>http://www.conabio.gob.mx/informacion/explorer/wms?Format=image/png&amp;request=GetMap&amp;version=1.1.1&amp;width=800&amp;height=424&amp;srs=EPSG:4326&amp;bbox=-120.0,13.8,-85.1,33.5&amp;layers=dest22gw</networkr></networka></computer><accinstr>Coordenadas geogr&#x00E1;ficas WGS84. (EPSG:4326). Servicio Web Map Service. Los mapas de datos referenciados espacialmente producidos se generan normalmente en un formato de imagen como PNG, GIF o JPEG, pueden se vistos en un SIG </accinstr></onlinopt></digtopt></digform><digform><digtinfo><formname>Mapa digital interactivo</formname><formvern>1.0</formvern></digtinfo><digtopt><onlinopt><computer><networka><networkr>http://www.conabio.gob.mx/informacion/gis/?vns=gis_root/dipol/estata/dest22gw</networkr></networka></computer><accinstr>Coordenadas geogr&#x00E1;ficas WGS84. (EPSG:4326)</accinstr></onlinopt></digtopt></digform><fees>Acceso libre sin ning&#x00FA;n cargo al p&#x00FA;blico en general.</fees></stdorder><techpreq>Tener sistemas compatibles con archivos Shapefile, en caso que existan se pueden visualizar en Google Earth KML y/o conexi&#x00F3;n al servicio WMS.</techpreq></distinfo><metainfo><metd>20220105</metd><metc><cntinfo><cntorgp><cntorg>Comisi&#x00F3;n Nacional para el Conocimiento y Uso de la Biodiversidad (CONABIO)</cntorg><cntper>Subcoordinaci&#x00F3;n de Sistemas de Informaci&#x00F3;n Geogr&#x00E1;fica</cntper></cntorgp><cntpos>Administrador de Metadatos</cntpos><cntaddr><addrtype>mailing and physical address</addrtype><address>Liga Perif&#x00E9;rico Insurgentes Sur Num. 4903 1er piso. Col. Parques del Pedregal. Delg. Tlalpan</address><city>Ciudad de M&#x00E9;xico</city><state>Ciudad de M&#x00E9;xico</state><postal>14010</postal><country>M&#x00E9;xico</country></cntaddr><cntvoice>01 55 5004 5012</cntvoice><cntfax>50044931</cntfax><cntemail>ssig@conabio.gob.mx</cntemail><hours>Lunes a Viernes de 8 a 18 hrs.</hours></cntinfo></metc><metstdn>FGDC Content Standards for Digital Geospatial Metadata, 1998</metstdn><metstdv>FGDC-STD-001-1998 version 2.0</metstdv></metainfo></metadata>